MCQ,FRS_Q1,FRS_Q2,FRS_Q3,FRS_Q4
MCQ 1,FRS Q1 1,FRS Q2 1,FRS Q3 1,FRS Q4 1
MCQ 1,FRS Q1 1,FRS Q2 1,FRS Q3 1,FRS Q4 1
MCQ 1,FRS Q1 1,FRS Q2 1,FRS Q3 1,FRS Q4 1
MCQ 1,FRS Q1 1,FRS Q2 1,FRS Q3 1,FRS Q4 1
MCQ 1,FRS Q1 1,FRS Q2 1,FRS Q3 1,FRS Q4 1
MCQ 1,FRS Q1 1,FRS Q2 1,FRS Q3 1,FRS Q4 1
MCQ 1,FRS Q1 1,FRS Q2 1,FRS Q3 1,FRS Q4 1
MCQ 1,FRS Q1 1,FRS Q2 1,FRS Q3 1,FRS Q4 1
MCQ 1,FRS Q1 1,FRS Q2 1,FRS Q3 1,FRS Q4 1
MCQ 1,FRS Q1 1,FRS Q2 1,FRS Q3 1,FRS Q4 1
MCQ 1,FRS Q1 1,FRS Q2 1,FRS Q3 1,FRS Q4 1
MCQ 1,FRS Q1 1,FRS Q2 1,FRS Q3 1,FRS Q4 1
MCQ 1,FRS Q1 1,FRS Q2 1,FRS Q3 1,FRS Q4 1
MCQ 1,FRS Q1 1,FRS Q2 1,FRS Q3 1,FRS Q4 1
MCQ 1,FRS Q1 1,FRS Q2 1,FRS Q3 1,FRS Q4 1
MCQ 1,FRS Q1 1,FRS Q2 1,FRS Q3 1,FRS Q4 1
MCQ 1,FRS Q1 1,FRS Q2 1,FRS Q3 1,FRS Q4 1
MCQ 1,FRS Q1 1,FRS Q2 1,FRS Q3 1,FRS Q4 1
MCQ 1,FRS Q1 1,FRS Q2 1,FRS Q3 1,FRS Q4 1
MCQ 1,FRS Q1 1,FRS Q2 1,FRS Q3 1,FRS Q4 1
MCQ 1,FRS Q1 1,FRS Q2 1,FRS Q3 1,FRS Q4 1
MCQ 1,FRS Q1 1,FRS Q2 1,FRS Q3 1,FRS Q4 1
MCQ 1,FRS Q1 1,FRS Q2 1,FRS Q3 1,FRS Q4 1
MCQ 1,FRS Q1 1,FRS Q2 1,FRS Q3 1,FRS Q4 1
MCQ 1,FRS Q1 1,FRS Q2 1,FRS Q3 1,FRS Q4 1
MCQ 1,FRS Q1 1,FRS Q2 1,FRS Q3 1,FRS Q4 1
MCQ 1,FRS Q1 1,FRS Q2 1,FRS Q3 1,FRS Q4 1
MCQ 1,FRS Q1 1,FRS Q2 1,FRS Q3 1,FRS Q4 1
MCQ 1,FRS Q1 1,FRS Q2 1,FRS Q3 1,FRS Q4 1
MCQ 1,FRS Q1 1,FRS Q2 1,FRS Q3 1,FRS Q4 1
MCQ 1,FRS Q1 1,FRS Q2 1,FRS Q3 1,FRS Q4 1
MCQ 1,FRS Q1 1,FRS Q2 1,FRS Q3 1,FRS Q4 1
MCQ 1,FRS Q1 1,FRS Q2 1,FRS Q3 1,FRS Q4 1
MCQ 1,FRS Q1 1,FRS Q2 1,FRS Q3 1,FRS Q4 1
MCQ 1,FRS Q1 1,FRS Q2 1,FRS Q3 1,FRS Q4 1
MCQ 1,FRS Q1 1,FRS Q2 1,FRS Q3 1,FRS Q4 1
MCQ 1,FRS Q1 1,FRS Q2 1,FRS Q3 1,FRS Q4 1
MCQ 1,FRS Q1 1,FRS Q2 1,FRS Q3 1,FRS Q4 1
MCQ 1,FRS Q1 1,FRS Q2 1,FRS Q3 1,FRS Q4 1
MCQ 1,FRS Q1 1,FRS Q2 1,FRS Q3 1,FRS Q4 1